Median Household Income ▼,Zip
236912,94027
228587,92145
200325,91980
187857,94957
182750,94022
180174,94028
176241,94506
172443,90077
170656,94105
167546,94024
167386,95070
166750,95140
166147,94563
163486,92657
163219,94507
162328,94528
157938,90272
157879,91210
156250,90274
154107,95030
153269,94074
152721,95120
152210,91011
150864,92861
149821,95007
149538,92679
147568,94037
145610,94708
145505,95138
144886,94129
144152,94539
142071,90266
138750,90210
138371,94582
137344,94549
137122,92694
136331,94707
135076,96136
134907,94301
133333,95053
133088,94556
132826,94552
132486,94920
132462,94065
131607,90402
131166,92130
131108,94127
130961,95014
128802,94526
128654,95135
128060,91436
127684,94588
126984,92887
126557,94062
126397,95033
125735,92625
125629,92673
125335,94070
125272,93108
124814,90265
124712,92823
124375,95663
123575,94618
123459,92127
122970,94114
122354,94087
121948,94583
121715,91302
121367,94517
121337,94598
121209,94941
121200,94123
120984,92610
120893,95032
120742,90275
120686,92603
120672,93730
120610,94107
120401,94566
120208,95041
120152,91108
119939,92067
119924,92131
119095,94025
118919,95746
118750,91708
118125,94010
117700,95762
117326,91377
116855,95054
116732,90049
115807,94402
114779,94404
114777,92014
114757,95134
114608,91381
114603,94555
114542,95587
113826,93908
113616,94568
113281,94946
113279,94925
112008,92660
111833,94505
111602,94306
111098,91354
110964,92808
110343,91914
110236,95837
110054,92886
109913,91301
109545,96125
109267,92129
108919,95066
108882,91105
108366,95131
108295,94960
108205,95046
107768,94970
107660,94592
107577,94611
107493,95129
107324,95148
107095,95391
106750,90290
106660,95124
106458,90743
106365,91320
106333,94964
105985,94002
105659,91390
105480,94502
105029,90254
104934,90278
104557,93619
104167,95742
104149,92602
104125,92060
103598,92121
103472,94111
103378,94019
103333,94117
103319,90292
103319,95119
103306,91361
102952,94550
102872,95318
102755,92782
102500,92364
102479,95125
102396,93953
102273,91384
102237,94904
102212,92009
102160,92620
102045,92692
102030,92011
101932,94304
101912,94040
101303,92880
101292,92656
101292,95051
100844,94043
100750,94516
100747,91362
100694,92688
100398,91962
100380,92385
100308,95630
100215,94086
100204,94547
100139,95683
100114,94131
100049,91739
99638,93109
99606,91915
99537,93021
99398,90277
99167,95227
98990,95130
98899,95035
98831,91326
98697,92651
98655,91307
98407,91737
98400,95139
98321,94551
98315,91008
98264,92677
98219,93923
98026,95132
97921,91350
97609,91709
97470,92618
96860,95377
96824,90808
96719,94044
96563,93664
96537,94705
96446,93314
96297,92064
96281,94938
96010,90094
95984,92614
95975,91784
95806,92010
95631,90720
95625,93441
95435,95037
95306,92037
95189,94403
94933,93111
94712,93932
94697,92807
94420,94569
94318,92091
94196,92881
94173,93065
93919,91364
93917,92883
93889,92007
93810,94021
93750,94939
93713,92691
93588,93312
93529,93645
93523,93012
93509,91789
93393,95571
93389,94951
93099,92661
93092,91935
93049,94930
92806,92653
92684,92508
92678,95747
92489,94085
92464,95672
92402,92024
92397,92835
92356,94020
92137,93924
92107,94536
92006,94030
91882,94534
91737,93460
91617,91360
91518,95638
91180,92604
90984,95118
90966,91765
90903,95614
90881,95123
90876,92118
90833,92075
90780,91024
90613,90703
90528,91604
90298,92128
90228,92606
90179,93651
89849,91214
89715,94965
89607,94513
89596,91355
89541,92592
89508,91711
89500,90067
89500,94510
89464,94303
89403,93510
89026,92845
88987,95008
88971,90742
88955,91208
88929,91207
88926,91902
88810,94041
88797,94089
88750,93208
88750,94973
88693,94531
88384,92629
88333,95493
88160,92869
88012,94597
87782,95757
87738,95655
87720,93311
87652,94538
87598,94530
87596,96121
87500,95136
87425,92336
87361,92532
87251,90603
87156,95819
87110,92646
87100,95765
87095,90713
86967,92663
86573,90064
86521,94560
86505,93010
86469,92649
86196,94903
86070,94122
86031,95065
85914,92596
85857,92648
85707,92126
85655,91001
85514,95121
85361,92860
85330,94115
85251,92865
85200,93551
85000,94548
85000,94586
84828,94116
84819,94521
84785,92630
84761,91107
84750,92676
84741,91913
84620,91775
84588,90293
84537,90732
84516,90212
84488,94110
84250,92678
84133,95650
84051,90630
84021,91006
84004,90245
83974,93063
83902,95003
83767,90623
83638,94945
83542,94158
83467,95864
83269,92210
83194,93465
83038,93035
82993,94118
82917,93605
82857,92662
82748,95020
82675,92705
82564,94587
82313,90505
82076,91387
82005,92708
81980,94954
81973,92106
81918,94503
81907,94061
81879,94947
81860,95688
81788,94574
81746,94706
81685,94523
81667,94525
81622,94038
81471,95618
81379,91901
81369,94066
81328,96073
81308,93105
81250,91741
81093,95492
81025,90291
80729,92384
80625,92124
80479,91030
80449,95835
80341,94104
80327,94542
80313,96106
80288,93962
80279,91311
80278,90620
80233,94005
80233,95624
80163,92821
80133,95073
80132,92626
80130,92377
80037,92870
79895,92120
79858,90638
79525,90815
79485,94963
79457,95372
79348,92082
79327,95664
79121,95693
78856,94596
78756,90405
78750,96061
78676,94619
78640,95304
78630,92561
78607,90069
78564,94015
78558,95251
78501,91773
78378,94080
78175,90712
78116,92506
78114,95452
78082,90045
78072,92867
77930,93611
77706,94561
77679,91505
77679,93424
77583,95918
77416,95682
77361,92065
77305,94923
77250,93928
77247,91344
77188,95699
77152,91367
77105,92563
77092,93720
77047,90503
76994,91701
76912,91750
76909,94901
76688,90056
76669,94553
76542,95236
76526,92251
76447,91745
76389,95722
76232,94803
76027,93004
75928,92584
75915,93110
75862,93067
75750,95637
75714,95697
75671,91423
75556,95639
75510,95006
75500,94546
75481,94579
75448,92562
75420,91724
75411,92672
75380,93066
75334,91403
75327,90035
75309,95219
75300,95366
75221,94952
75180,90504
75172,96161
75163,95625
75160,93636
75031,90746
74797,92019
74637,92647
74583,95674
74530,95829
74393,92071
74283,94564
74009,94949
73870,94591
73850,94610
73786,90230
73684,95687
73621,94924
73542,95439
73433,93022
73373,90068
73352,92555
73333,95002
73125,95429
73040,94518
72939,95368
72913,90048
72877,95126
72739,95628
72720,94558
72607,95444
72479,92352
72465,92675
72459,95133
72459,95661
72452,95258
72411,94508
72366,90403
72279,94401
72276,90807
72255,91007
72218,95209
72212,93455
72204,96140
72192,91106
72168,91016
72161,95018
72156,95405
72120,95254
72025,90803
71939,90240
71911,92123
71825,91710
71793,92882
71757,90745
71723,94545
71697,92253
71688,92270
71668,94014
71667,94933
71661,91941
71505,94112
71469,92624
71316,90232
71307,92122
71301,95417
71296,91504
71278,90025
71177,94580
71063,95920
71049,90036
71000,92358
70938,95633
70935,94501
70858,91351
70841,90601
70841,91791
70830,91040
70820,95648
70811,91104
70781,96128
70724,93536
70721,94585
70692,95127
70417,95709
70408,91506
70380,92591
70261,92119
70230,93950
70220,94121
70096,95128
70003,95758
69966,92337
69942,90211
69872,95005
69760,95524
69750,95703
69702,92347
69702,95607
69688,96114
69678,95023
69616,93003
69583,95677
69341,95050
69205,92003
69171,92344
69148,91356
69055,93723
68887,96145
68884,93013
68813,94602
68804,95472
68701,94572
68693,95110
68679,95831
68636,92378
68636,95465
68620,92587
68346,90066
68333,92061
68261,92518
68108,92029
68078,93907
68027,92203
67917,93563
67878,90755
67718,95117
67716,93940
67652,91020
67639,95316
67607,94519
67500,93449
67383,93103
67188,95004
67170,90039
67048,91740
67039,92612
67031,95017
67025,92109
67019,92833
67001,95404
66983,93531
66932,91917
66875,92382
66848,91792
66825,92107
66775,92342
66771,93463
66750,95426
66711,95337
66706,90605
66679,93628
66607,94132
66590,92374
66553,90631
66506,93420
66483,91978
66417,92059
66291,95620
66136,94599
66079,94805
66057,91790
66014,93422
66000,92008
65938,95668
65793,92103
65769,95691
65735,93287
65706,95467
65701,93036
65640,90604
65625,96006
65425,95409
65319,92117
65297,92108
65208,95356
65156,93546
65122,95662
65114,95651
65035,90404
64976,92057
64974,93446
64874,95382
64843,93023
64803,93313
64787,92040
64773,95843
64738,92223
64712,95442
64701,90715
64660,94577
64625,94931
64612,92321
64583,94512
64545,90041
64479,95669
64375,95545
64355,95242
64219,96085
64140,92313
64089,92780
64034,95993
63948,92373
63934,93711
63901,95631
63871,92354
63833,90606
63816,95982
63750,92398
63750,95776
63740,91722
63728,92056
63722,91905
63721,95602
63610,92868
63604,95658
63544,91602
63529,95941
63514,93428
63413,92585
63248,95330
63173,94109
63112,93440
63111,91202
63105,93675
63045,91780
63029,95403
62969,93427
62969,95678
62828,92806
62677,92879
62589,92866
62558,90305
62533,90502
62533,93555
62500,91501
62500,95043
62424,95245
62384,95252
62372,91752
62365,95060
62262,95376
62253,95062
62230,93921
62182,94515
62180,95946
62109,92305
62076,95448
62056,95223
62043,95692
62016,91316
61952,91730
61934,92840
61563,94571
61525,92595
61500,95113
61488,96062
61466,93601
61379,93444
61319,93239
61310,94573
61308,93437
61296,91916
61270,91761
61255,95632
61250,95228
61157,96120
60959,91306
60952,94710
60920,92110
60899,91342
60899,95220
60896,91748
60802,90401
60750,95938
60724,93243
60720,95713
60660,95619
60655,92557
60648,95685
60625,92549
60587,93265
60579,95626
60556,95075
60544,90701
60536,95064
60532,91723
60523,90650
60513,93561
60459,95949
60268,96103
60230,94134
60162,92154
60148,91345
60139,93517
60124,91977
60118,91010
60100,95476
60089,94060
60000,93925
59995,92346
59965,95212
59878,90501
59844,95634
59832,95962
59738,93461
59728,92278
59699,94544
59679,92139
59628,94702
59545,95441
59502,91746
59412,92704
59375,95497
59302,92399
59150,94709
59125,90024
59125,93602
59099,91103
59056,95367
59028,95615
58993,91324
58913,95959
58889,96096
58854,93226
58853,92832
58810,95470
58659,94595
58643,94567
58613,94703
58517,95694
58500,92706
58500,95232
58438,95957
58381,93631
58365,91101
58363,94559
58361,91304
58353,91906
58289,95421
58272,95818
58262,92582
58191,95329
58012,93238
57969,95975
57917,96014
57895,94541
57883,91325
57860,93030
57789,91744
57731,93505
57708,92627
57670,93920
57664,95627
57654,91321
57652,95361
57640,91042
57639,95970
57610,94605
57588,93543
57557,92211
57484,94928
57470,95122
57400,95425
57333,92831
57287,92114
57286,92509
57241,93402
57223,92028
57212,96141
57124,92307
57095,90242
57052,92504
57047,95111
57038,92707
57014,93426
56973,94533
56923,95956
56885,95336
56875,93560
56875,95689
56767,91754
56743,90034
56738,93552
56696,95640
56683,95488
56671,95076
56667,95720
56651,95834
56646,95355
56632,91803
56607,90660
56607,95549
56567,93015
56563,96009
56541,95973
56394,95937
56378,94609
56337,90046
56277,92392
56250,95636
56250,95830
56245,90717
56219,90621
56154,94589
56101,95690
56081,95547
56059,90241
56049,95603
55996,95726
55959,94608
55947,92505
55882,90704
55878,95623
55865,94565
55833,95010
55827,95833
55801,93117
55750,92239
55710,95667
55656,95670
55635,92111
55599,95320
55530,92078
55500,95323
55355,95987
55256,95608
55250,95045
55238,91343
55217,91340
55210,93033
55169,92365
55111,90814
55082,93906
55069,92567
55051,92503
55000,95653
54980,93436
54966,92116
54945,93001
54945,93101
54792,95379
54782,93060
54769,91702
54769,93532
54688,96029
54640,91910
54630,90710
54565,92081
54527,96130
54444,95659
54422,92805
54381,93722
54372,94509
54366,95326
54327,95714
54205,93451
54034,95565
54003,94063
54000,92397
53955,93933
53820,92026
53807,92359
53750,93541
53677,90740
53652,95407
53648,95826
53571,93432
53559,92683
53473,92027
53466,95363
53456,93523
53419,96008
53389,94535
53385,93667
53368,95436
53281,95666
53250,96146
53235,95357
53214,95936
53194,95612
53150,94133
53059,92841
53056,95564
53054,92249
53008,93230
53002,95816
52906,93401
52841,95701
52841,96148
52813,95401
52794,90065
52579,93442
52564,93454
52536,92843
52517,91755
52500,96063
52457,92069
52420,93955
52408,92804
52376,91945
52371,93041
52354,91942
52329,93430
52314,92101
52292,95684
52279,96107
52274,91607
52274,95695
52233,93927
52203,93306
52173,94806
52154,96022
52143,95461
52123,93527
52077,91206
52015,95012
52000,93544
51992,94514
51976,94305
51956,90248
51935,90670
51927,95222
51921,94937
51908,95943
51875,95412
51869,95971
51827,95621
51806,95312
51769,90260
51702,92407
51667,92036
51618,95420
51520,93453
51500,92394
51427,90042
51398,91335
51389,95450
51365,92802
51345,91331
51341,93292
51286,95324
51280,93245
51250,93514
51250,93526
51250,93603
51234,91706
51225,91801
51116,92571
51105,91786
51060,91764
51056,93277
51044,93926
50996,90249
50858,93614
50854,95673
50833,93291
50764,95912
50744,92371
50740,95334
50707,91762
50595,93529
50568,92054
50536,95610
50528,95827
50526,91201
50500,95466
50500,95570
50455,93604
50449,92551
50446,95233
50401,92084
50381,91406
50316,90027
50309,92260
50290,93210
50227,95536
50051,95519
50047,92703
50035,92021
50000,93445
49928,92310
49851,92020
49786,90731
49785,93657
49732,96016
49708,95346
49688,95340
49594,94124
49567,95358
49552,92530
49545,95469
49541,94804
49491,93901
49470,95460
49454,95112
49423,92590
49418,93433
49360,90706
49206,91767
49121,93637
49095,94578
49088,91352
49087,90810
49063,96117
49056,91763
48994,91401
48950,96137
48940,95665
48912,95370
48896,91766
48891,91911
48839,95556
48788,92316
48733,92104
48681,95503
48617,93643
48610,92501
48510,95369
48500,95977
48488,95301
48470,93221
48461,93704
48443,95988
48345,92844
48302,91776
48287,95247
48285,95675
48147,92055
48142,95525
48117,91932
48063,93553
47882,93654
47868,95386
47833,93513
47796,90680
47692,95338
47679,96090
47672,92801
47656,94520
47644,96113
47625,96032
47622,90602
47500,95979
47500,96150
47440,96088
47436,90640
47413,95116
47394,92325
47369,93309
47308,90010
47202,91601
47177,91768
47098,93960
47078,91770
47031,93429
47031,95955
46827,95635
46667,95652
46655,92058
46615,93268
46575,95237
46519,92262
46518,92314
46497,96003
46453,95932
46441,95961
46435,90026
46422,96001
46394,93727
46392,95953
46319,95494
46318,96067
46250,91759
46250,95230
46187,91303
46121,93653
46073,92083
45953,95482
45947,95321
45906,95928
45889,92311
45877,93040
45871,95919
45769,95698
45766,90250
45729,95551
45631,95307
45625,91934
45591,93274
45588,95389
45568,92655
45551,93222
45509,95257
45485,93656
45474,90220
45439,95828
45433,92025
45392,95451
45332,95616
45313,93276
45299,95453
45268,96051
45208,90032
45197,90805
45191,93434
45147,92339
45056,93635
44984,90802
44965,92376
44902,95327
44792,95303
44771,95315
44724,91203
44629,90804
44583,96024
44554,95528
44554,96093
44542,95842
44531,90040
44500,95917
44464,95681
44423,95948
44417,94929
44412,95468
44392,95822
44348,96056
44333,95550
44250,96118
44223,93644
44111,93225
44028,96035
44010,92536
44000,95374
43981,95642
43971,96105
43917,92276
43913,93271
43854,95471
43803,93458
43785,90806
43784,90723
43758,91411
43750,93954
43750,96119
43707,91605
43703,92264
43657,96002
43638,92225
43594,95459
43564,95446
43526,90280
43442,93662
43430,96027
43372,95204
43355,95736
43345,92308
43333,92070
43322,93609
43295,92066
43295,95589
43264,92250
43244,90019
43170,92234
43165,95991
43092,92335
43036,92372
43036,95601
42984,92553
42968,90247
42857,96142
42844,93710
42835,93535
42829,95457
42828,92115
42807,93905
42778,95945
42753,90221
42711,92227
42708,95039
42698,92570
42677,95388
42655,95540
42627,96064
42619,96084
42614,95311
42576,95645
42545,95629
42517,92284
42500,94971
42500,95568
42500,96132
42454,93930
42433,96020
42404,95206
42366,95333
42323,92345
42319,95901
42303,93630
42299,95383
42273,93224
42273,95950
42250,93625
42237,93549
42228,95832
42222,93641
42213,95360
42212,92320
42206,92243
42195,91606
42084,92544
42083,93450
42057,90262
41982,95969
41964,92268
41888,95942
41772,96094
41737,93308
41615,95660
41612,94103
41579,93286
41578,90744
41575,92102
41536,92617
41522,96124
41488,93206
41488,93405
41485,91732
41458,95249
41393,95553
41278,92324
41202,92315
41187,90302
41136,95531
41103,95328
41051,92507
41042,95345
41042,96076
41016,96101
40962,94603
40930,91733
40903,95348
40897,92236
40833,93263
40826,94590
40807,90303
40781,96028
40775,95966
40753,95215
40747,96055
40732,95322
40730,95820
40545,95954
40528,90047
40500,95563
40461,95350
40455,96019
40341,94576
40340,96143
40208,91502
40181,95562
40179,93251
40119,92545
40109,93242
40079,92230
40056,90222
40024,92201
40021,95240
39917,92220
39880,93591
39756,96021
39753,91204
39743,95380
39622,91963
39601,94601
39551,93257
39533,91950
39528,92583
39485,95963
39481,95838
39464,92548
39409,92252
39375,95646
39288,96080
39219,95306
39206,90063
39206,93280
39167,95717
39110,95246
39060,92701
39055,90716
39051,90022
39051,93610
39013,96092
39009,91402
38907,96007
38889,96038
38856,94801
38853,92539
38777,95821
38767,92404
38750,94956
38750,95456
38750,95641
38750,96068
38738,90043
38733,93202
38709,92395
38690,95728
38665,93668
38636,95916
38563,95207
38510,95210
38502,93550
38500,96057
38493,90004
38491,95019
38464,95841
38438,96017
38359,93673
38276,95437
38269,93618
38255,95605
38229,92333
38175,95501
38162,91405
38089,96013
38077,94130
38050,90016
37813,90301
37727,96044
37703,95410
37692,95490
37672,95811
37663,95910
37631,95385
37591,92405
37500,95310
37500,95951
37461,95935
37414,91205
37382,95825
37321,95449
37316,92277
37296,95926
37288,94606
37264,95203
37235,96134
37207,93612
37188,92322
37150,92391
37121,90020
37083,95462
37082,90023
37013,90201
36955,91731
36893,92105
36890,93638
36875,94108
36875,96065
36875,96071
36845,94511
36838,92309
36778,90304
36737,92637
36731,95823
36678,95255
36563,95567
36500,92004
36450,90270
36447,96059
36429,96040
36406,93244
36394,92586
36321,93215
36310,96069
36254,95354
36201,95445
36196,95454
36180,90008
36167,95231
36000,95558
35985,90255
35750,95595
35745,92173
35635,93725
35634,95542
35607,95573
35603,92327
35600,93534
35476,95313
35429,93203
35315,92240
35253,90029
35220,95965
35150,93304
34961,93250
34945,96122
34911,95527
34896,92241
34869,93620
34845,95817
34783,92386
34769,93452
34750,92328
34750,93207
34733,92231
34732,95351
34688,96111
34656,90031
34643,95415
34583,95552
34566,90061
34565,93212
34537,92301
34505,93247
34505,93272
34500,95947
34464,96050
34358,93307
34192,94607
34191,96048
34063,92282
34063,95735
34050,90001
33850,90038
33813,93665
33750,92408
33678,90059
33600,93624
33582,92356
33375,92086
33373,95814
33357,95205
33333,96123
33309,95335
33173,95903
33162,93267
33125,92368
33125,95555
33100,95968
33036,95317
33011,93249
32898,93647
32897,93501
32783,93235
32782,95428
32750,93254
32747,92411
32721,96025
32711,95521
32710,92363
32658,93728
32635,93705
32634,96052
32500,96010
32500,96126
32471,93726
32431,95432
32361,95715
32328,92233
32319,95365
32273,93223
32233,95341
32175,93648
32125,93622
32104,90018
32067,90062
32054,92281
32045,92256
31964,95543
31932,95569
31917,96091
31912,93545
31892,95934
31886,93241
31818,93650
31771,93252
31742,90028
31544,93621
31438,95686
31403,90006
31296,92266
31250,93616
31250,96074
31250,96115
31215,90813
31214,90005
31144,93285
31111,93608
31058,96058
30997,94704
30963,93301
30879,94612
30710,96023
30708,93516
30528,94621
30500,96034
30478,93562
30214,90002
30016,90003
29952,96046
29913,95560
29889,90011
29848,93283
29812,93305
29721,95815
29708,95485
29659,96109
29511,92283
29492,90012
29362,92285
29306,96033
29304,93234
29302,93204
29250,95960
29197,93706
29063,95939
29048,96104
29030,93255
29005,93261
28958,94940
28953,90015
28953,96097
28897,95486
28750,96039
28556,94922
28472,95387
28447,95824
28406,93703
28344,90044
28285,93519
28261,96133
28185,92113
28005,93518
27938,93201
27914,93646
27890,92274
27807,93270
27727,96087
27379,95423
27361,93256
27190,90033
27163,92543
27120,92410
26958,93626
26940,90057
26852,92273
26827,96041
26813,93554
26771,96110
26667,92242
26667,95464
26638,90037
26518,95585
26491,92254
26281,95546
26250,95983
26250,96112
26223,93660
26058,95548
26054,93240
26031,93702
26000,93512
25934,95422
25741,93640
25707,92258
25662,96047
25486,93558
25327,93615
25200,95914
24814,95319
24722,95922
24625,96116
24375,93260
24276,93666
24205,96015
24127,94102
24122,93266
24118,93218
24032,91931
24009,93623
23750,95554
23542,96031
23458,93219
22917,93652
22904,95559
22893,95514
22646,90007
21979,95526
21912,92259
21875,96054
21838,96086
21429,95248
21410,95427
21333,94950
21120,90013
21009,90017
20980,95458
20972,96075
20896,93258
20349,93205
20179,95224
19922,95225
19375,92275
18750,96011
18553,93701
18220,92257
17981,91046
17134,90014
16649,92401
16537,95537
16154,93606
15988,90058
15529,95443
15023,95202
14848,92341
14688,96037
14073,95679
13906,93528
13750,95511
12748,90021
12404,96049
12000,92389
11922,93721
11250,93530
10625,90089
10481,95915
6827,93669
